16_energy,16_index,31_energy,31_index,46_energy,46_index,61_energy,61_index
21.143478556883377,0,24.827470047389237,1,71.86083320083834,2,90.05924399033943,3
